timestamp, name, utilization.gpu [%], memory.used [MiB], memory.total [MiB], temperature.gpu
2026/02/05 10:56:41.873, NVIDIA Thor, 0 %, [N/A], [N/A], 51
2026/02/05 10:56:42.881, NVIDIA Thor, 86 %, [N/A], [N/A], 51
2026/02/05 10:56:43.887, NVIDIA Thor, 1 %, [N/A], [N/A], 51
2026/02/05 10:56:44.888, NVIDIA Thor, 1 %, [N/A], [N/A], 50
2026/02/05 10:56:45.890, NVIDIA Thor, 3 %, [N/A], [N/A], 50
2026/02/05 10:56:46.895, NVIDIA Thor, 0 %, [N/A], [N/A], 50
2026/02/05 10:56:47.898, NVIDIA Thor, 0 %, [N/A], [N/A], 50
2026/02/05 10:56:48.900, NVIDIA Thor, 67 %, [N/A], [N/A], 51
2026/02/05 10:56:49.902, NVIDIA Thor, 2 %, [N/A], [N/A], 50
2026/02/05 10:56:50.903, NVIDIA Thor, 28 %, [N/A], [N/A], 52
2026/02/05 10:56:51.904, NVIDIA Thor, 7 %, [N/A], [N/A], 51
2026/02/05 10:56:52.906, NVIDIA Thor, 95 %, [N/A], [N/A], 52
2026/02/05 10:56:53.910, NVIDIA Thor, 91 %, [N/A], [N/A], 52
2026/02/05 10:56:54.913, NVIDIA Thor, 1 %, [N/A], [N/A], 51
2026/02/05 10:56:55.915, NVIDIA Thor, 1 %, [N/A], [N/A], 52
2026/02/05 10:56:56.917, NVIDIA Thor, 97 %, [N/A], [N/A], 54
2026/02/05 10:56:57.921, NVIDIA Thor, 3 %, [N/A], [N/A], 52
2026/02/05 10:56:58.922, NVIDIA Thor, 3 %, [N/A], [N/A], 52
2026/02/05 10:56:59.926, NVIDIA Thor, 1 %, [N/A], [N/A], 52
2026/02/05 10:57:00.927, NVIDIA Thor, 98 %, [N/A], [N/A], 54
2026/02/05 10:57:01.935, NVIDIA Thor, 3 %, [N/A], [N/A], 52
2026/02/05 10:57:02.936, NVIDIA Thor, 97 %, [N/A], [N/A], 54
2026/02/05 10:57:03.940, NVIDIA Thor, 2 %, [N/A], [N/A], 52
2026/02/05 10:57:04.942, NVIDIA Thor, 6 %, [N/A], [N/A], 52
2026/02/05 10:57:05.944, NVIDIA Thor, 98 %, [N/A], [N/A], 54
2026/02/05 10:57:06.950, NVIDIA Thor, 2 %, [N/A], [N/A], 52
2026/02/05 10:57:07.951, NVIDIA Thor, 0 %, [N/A], [N/A], 52
2026/02/05 10:57:08.954, NVIDIA Thor, 98 %, [N/A], [N/A], 54
2026/02/05 10:57:09.956, NVIDIA Thor, 2 %, [N/A], [N/A], 52
2026/02/05 10:57:10.957, NVIDIA Thor, 97 %, [N/A], [N/A], 54
2026/02/05 10:57:11.959, NVIDIA Thor, 2 %, [N/A], [N/A], 52
2026/02/05 10:57:12.961, NVIDIA Thor, 85 %, [N/A], [N/A], 54
2026/02/05 10:57:13.962, NVIDIA Thor, 97 %, [N/A], [N/A], 54
2026/02/05 10:57:14.965, NVIDIA Thor, 5 %, [N/A], [N/A], 53
2026/02/05 10:57:15.977, NVIDIA Thor, 12 %, [N/A], [N/A], 53
2026/02/05 10:57:16.979, NVIDIA Thor, 97 %, [N/A], [N/A], 54
2026/02/05 10:57:17.983, NVIDIA Thor, 2 %, [N/A], [N/A], 52
2026/02/05 10:57:18.987, NVIDIA Thor, 10 %, [N/A], [N/A], 53
2026/02/05 10:57:19.989, NVIDIA Thor, 98 %, [N/A], [N/A], 54
2026/02/05 10:57:20.991, NVIDIA Thor, 4 %, [N/A], [N/A], 52
2026/02/05 10:57:21.994, NVIDIA Thor, 97 %, [N/A], [N/A], 54
2026/02/05 10:57:22.999, NVIDIA Thor, 9 %, [N/A], [N/A], 53
2026/02/05 10:57:24.001, NVIDIA Thor, 98 %, [N/A], [N/A], 54
2026/02/05 10:57:25.007, NVIDIA Thor, 9 %, [N/A], [N/A], 53
2026/02/05 10:57:26.008, NVIDIA Thor, 1 %, [N/A], [N/A], 53
2026/02/05 10:57:27.010, NVIDIA Thor, 98 %, [N/A], [N/A], 54
2026/02/05 10:57:28.014, NVIDIA Thor, 7 %, [N/A], [N/A], 53
2026/02/05 10:57:29.016, NVIDIA Thor, 5 %, [N/A], [N/A], 53
2026/02/05 10:57:30.017, NVIDIA Thor, 98 %, [N/A], [N/A], 54
2026/02/05 10:57:31.021, NVIDIA Thor, 1 %, [N/A], [N/A], 52
2026/02/05 10:57:32.022, NVIDIA Thor, 1 %, [N/A], [N/A], 52
2026/02/05 10:57:33.025, NVIDIA Thor, 6 %, [N/A], [N/A], 53
2026/02/05 10:57:34.026, NVIDIA Thor, 0 %, [N/A], [N/A], 52
2026/02/05 10:57:35.028, NVIDIA Thor, 97 %, [N/A], [N/A], 54
2026/02/05 10:57:36.032, NVIDIA Thor, 0 %, [N/A], [N/A], 53
2026/02/05 10:57:37.033, NVIDIA Thor, 4 %, [N/A], [N/A], 53
2026/02/05 10:57:38.035, NVIDIA Thor, 1 %, [N/A], [N/A], 52
2026/02/05 10:57:39.037, NVIDIA Thor, 97 %, [N/A], [N/A], 54
2026/02/05 10:57:40.042, NVIDIA Thor, 10 %, [N/A], [N/A], 53
2026/02/05 10:57:41.044, NVIDIA Thor, 79 %, [N/A], [N/A], 53
2026/02/05 10:57:42.046, NVIDIA Thor, 97 %, [N/A], [N/A], 54
2026/02/05 10:57:43.049, NVIDIA Thor, 2 %, [N/A], [N/A], 53
2026/02/05 10:57:44.050, NVIDIA Thor, 97 %, [N/A], [N/A], 54
2026/02/05 10:57:45.057, NVIDIA Thor, 5 %, [N/A], [N/A], 53
2026/02/05 10:57:46.059, NVIDIA Thor, 0 %, [N/A], [N/A], 52
2026/02/05 10:57:47.062, NVIDIA Thor, 98 %, [N/A], [N/A], 54
2026/02/05 10:57:48.064, NVIDIA Thor, 0 %, [N/A], [N/A], 52
2026/02/05 10:57:49.066, NVIDIA Thor, 6 %, [N/A], [N/A], 53
2026/02/05 10:57:50.067, NVIDIA Thor, 0 %, [N/A], [N/A], 52
2026/02/05 10:57:51.070, NVIDIA Thor, 10 %, [N/A], [N/A], 52
2026/02/05 10:57:52.071, NVIDIA Thor, 2 %, [N/A], [N/A], 52
2026/02/05 10:57:53.072, NVIDIA Thor, 1 %, [N/A], [N/A], 52
2026/02/05 10:57:54.074, NVIDIA Thor, 97 %, [N/A], [N/A], 54
2026/02/05 10:57:55.079, NVIDIA Thor, 98 %, [N/A], [N/A], 54
2026/02/05 10:57:56.082, NVIDIA Thor, 4 %, [N/A], [N/A], 52
2026/02/05 10:57:57.093, NVIDIA Thor, 97 %, [N/A], [N/A], 53
2026/02/05 10:57:58.097, NVIDIA Thor, 98 %, [N/A], [N/A], 54
2026/02/05 10:57:59.101, NVIDIA Thor, 2 %, [N/A], [N/A], 52
2026/02/05 10:58:00.102, NVIDIA Thor, 13 %, [N/A], [N/A], 52
2026/02/05 10:58:01.110, NVIDIA Thor, 98 %, [N/A], [N/A], 53
2026/02/05 10:58:02.116, NVIDIA Thor, 3 %, [N/A], [N/A], 53
2026/02/05 10:58:03.118, NVIDIA Thor, 97 %, [N/A], [N/A], 53
2026/02/05 10:58:04.122, NVIDIA Thor, 12 %, [N/A], [N/A], 53
2026/02/05 10:58:05.124, NVIDIA Thor, 2 %, [N/A], [N/A], 52
2026/02/05 10:58:06.126, NVIDIA Thor, 7 %, [N/A], [N/A], 52
2026/02/05 10:58:07.128, NVIDIA Thor, 2 %, [N/A], [N/A], 52
2026/02/05 10:58:08.129, NVIDIA Thor, 9 %, [N/A], [N/A], 53
2026/02/05 10:58:09.131, NVIDIA Thor, 98 %, [N/A], [N/A], 54
2026/02/05 10:58:10.134, NVIDIA Thor, 9 %, [N/A], [N/A], 53
2026/02/05 10:58:11.136, NVIDIA Thor, 1 %, [N/A], [N/A], 52
2026/02/05 10:58:12.137, NVIDIA Thor, 98 %, [N/A], [N/A], 54
2026/02/05 10:58:13.142, NVIDIA Thor, 97 %, [N/A], [N/A], 54
2026/02/05 10:58:14.145, NVIDIA Thor, 9 %, [N/A], [N/A], 53
2026/02/05 10:58:15.147, NVIDIA Thor, 0 %, [N/A], [N/A], 52
2026/02/05 10:58:16.148, NVIDIA Thor, 23 %, [N/A], [N/A], 52
2026/02/05 10:58:17.150, NVIDIA Thor, 1 %, [N/A], [N/A], 52
2026/02/05 10:58:18.152, NVIDIA Thor, 97 %, [N/A], [N/A], 53
2026/02/05 10:58:19.155, NVIDIA Thor, 14 %, [N/A], [N/A], 53
2026/02/05 10:58:20.157, NVIDIA Thor, 97 %, [N/A], [N/A], 53
2026/02/05 10:58:21.160, NVIDIA Thor, 98 %, [N/A], [N/A], 54
2026/02/05 10:58:22.162, NVIDIA Thor, 10 %, [N/A], [N/A], 52
2026/02/05 10:58:23.164, NVIDIA Thor, 1 %, [N/A], [N/A], 52
2026/02/05 10:58:24.165, NVIDIA Thor, 98 %, [N/A], [N/A], 54
2026/02/05 10:58:25.169, NVIDIA Thor, 1 %, [N/A], [N/A], 52
2026/02/05 10:58:26.170, NVIDIA Thor, 2 %, [N/A], [N/A], 52
2026/02/05 10:58:27.172, NVIDIA Thor, 98 %, [N/A], [N/A], 53
2026/02/05 10:58:28.176, NVIDIA Thor, 97 %, [N/A], [N/A], 53
2026/02/05 10:58:29.181, NVIDIA Thor, 98 %, [N/A], [N/A], 54
2026/02/05 10:58:30.185, NVIDIA Thor, 0 %, [N/A], [N/A], 52
2026/02/05 10:58:31.186, NVIDIA Thor, 97 %, [N/A], [N/A], 54
2026/02/05 10:58:32.190, NVIDIA Thor, 3 %, [N/A], [N/A], 52
2026/02/05 10:58:33.191, NVIDIA Thor, 98 %, [N/A], [N/A], 54
2026/02/05 10:58:34.193, NVIDIA Thor, 4 %, [N/A], [N/A], 52
2026/02/05 10:58:35.195, NVIDIA Thor, 45 %, [N/A], [N/A], 53
2026/02/05 10:58:36.196, NVIDIA Thor, 87 %, [N/A], [N/A], 53
2026/02/05 10:58:37.198, NVIDIA Thor, 7 %, [N/A], [N/A], 53
2026/02/05 10:58:38.200, NVIDIA Thor, 0 %, [N/A], [N/A], 52
2026/02/05 10:58:39.201, NVIDIA Thor, 98 %, [N/A], [N/A], 54
2026/02/05 10:58:40.203, NVIDIA Thor, 98 %, [N/A], [N/A], 53
2026/02/05 10:58:41.211, NVIDIA Thor, 96 %, [N/A], [N/A], 53
2026/02/05 10:58:42.218, NVIDIA Thor, 97 %, [N/A], [N/A], 53
2026/02/05 10:58:43.225, NVIDIA Thor, 98 %, [N/A], [N/A], 54
2026/02/05 10:58:44.227, NVIDIA Thor, 8 %, [N/A], [N/A], 52
2026/02/05 10:58:45.228, NVIDIA Thor, 4 %, [N/A], [N/A], 52
2026/02/05 10:58:46.230, NVIDIA Thor, 98 %, [N/A], [N/A], 54
2026/02/05 10:58:47.235, NVIDIA Thor, 0 %, [N/A], [N/A], 52
2026/02/05 10:58:48.238, NVIDIA Thor, 68 %, [N/A], [N/A], 52
2026/02/05 10:58:49.240, NVIDIA Thor, 97 %, [N/A], [N/A], 54
2026/02/05 10:58:50.242, NVIDIA Thor, 3 %, [N/A], [N/A], 52
2026/02/05 10:58:51.243, NVIDIA Thor, 85 %, [N/A], [N/A], 53
2026/02/05 10:58:52.247, NVIDIA Thor, 98 %, [N/A], [N/A], 53
2026/02/05 10:58:53.250, NVIDIA Thor, 98 %, [N/A], [N/A], 54
2026/02/05 10:58:54.254, NVIDIA Thor, 97 %, [N/A], [N/A], 54
2026/02/05 10:58:55.258, NVIDIA Thor, 98 %, [N/A], [N/A], 53
2026/02/05 10:58:56.260, NVIDIA Thor, 1 %, [N/A], [N/A], 52
2026/02/05 10:58:57.261, NVIDIA Thor, 98 %, [N/A], [N/A], 54
2026/02/05 10:58:58.264, NVIDIA Thor, 1 %, [N/A], [N/A], 52
2026/02/05 10:58:59.266, NVIDIA Thor, 18 %, [N/A], [N/A], 52
2026/02/05 10:59:00.267, NVIDIA Thor, 18 %, [N/A], [N/A], 51
2026/02/05 10:59:01.268, NVIDIA Thor, 1 %, [N/A], [N/A], 52
2026/02/05 10:59:02.270, NVIDIA Thor, 55 %, [N/A], [N/A], 52
2026/02/05 10:59:03.275, NVIDIA Thor, 97 %, [N/A], [N/A], 53
2026/02/05 10:59:04.281, NVIDIA Thor, 97 %, [N/A], [N/A], 53
2026/02/05 10:59:05.285, NVIDIA Thor, 97 %, [N/A], [N/A], 53
2026/02/05 10:59:06.287, NVIDIA Thor, 2 %, [N/A], [N/A], 52
2026/02/05 10:59:07.288, NVIDIA Thor, 95 %, [N/A], [N/A], 53
2026/02/05 10:59:08.295, NVIDIA Thor, 97 %, [N/A], [N/A], 53
2026/02/05 10:59:09.298, NVIDIA Thor, 3 %, [N/A], [N/A], 52
2026/02/05 10:59:10.301, NVIDIA Thor, 98 %, [N/A], [N/A], 53
2026/02/05 10:59:11.303, NVIDIA Thor, 1 %, [N/A], [N/A], 52
2026/02/05 10:59:12.305, NVIDIA Thor, 97 %, [N/A], [N/A], 53
2026/02/05 10:59:13.312, NVIDIA Thor, 7 %, [N/A], [N/A], 53
2026/02/05 10:59:14.314, NVIDIA Thor, 19 %, [N/A], [N/A], 52
2026/02/05 10:59:15.319, NVIDIA Thor, 8 %, [N/A], [N/A], 52
2026/02/05 10:59:16.321, NVIDIA Thor, 98 %, [N/A], [N/A], 54
2026/02/05 10:59:17.325, NVIDIA Thor, 0 %, [N/A], [N/A], 52
2026/02/05 10:59:18.326, NVIDIA Thor, 0 %, [N/A], [N/A], 52
2026/02/05 10:59:19.328, NVIDIA Thor, 98 %, [N/A], [N/A], 54
2026/02/05 10:59:20.332, NVIDIA Thor, 11 %, [N/A], [N/A], 53
2026/02/05 10:59:21.334, NVIDIA Thor, 9 %, [N/A], [N/A], 52
2026/02/05 10:59:22.335, NVIDIA Thor, 97 %, [N/A], [N/A], 53
2026/02/05 10:59:23.339, NVIDIA Thor, 98 %, [N/A], [N/A], 53
2026/02/05 10:59:24.341, NVIDIA Thor, 1 %, [N/A], [N/A], 52
2026/02/05 10:59:25.343, NVIDIA Thor, 3 %, [N/A], [N/A], 52
2026/02/05 10:59:26.344, NVIDIA Thor, 98 %, [N/A], [N/A], 53
2026/02/05 10:59:27.350, NVIDIA Thor, 97 %, [N/A], [N/A], 54
2026/02/05 10:59:28.352, NVIDIA Thor, 0 %, [N/A], [N/A], 51
2026/02/05 10:59:29.353, NVIDIA Thor, 2 %, [N/A], [N/A], 52
2026/02/05 10:59:30.355, NVIDIA Thor, 97 %, [N/A], [N/A], 54
2026/02/05 10:59:31.360, NVIDIA Thor, 6 %, [N/A], [N/A], 53
2026/02/05 10:59:32.362, NVIDIA Thor, 0 %, [N/A], [N/A], 52
2026/02/05 10:59:33.363, NVIDIA Thor, 97 %, [N/A], [N/A], 53
2026/02/05 10:59:34.369, NVIDIA Thor, 18 %, [N/A], [N/A], 53
2026/02/05 10:59:35.370, NVIDIA Thor, 3 %, [N/A], [N/A], 52
2026/02/05 10:59:36.372, NVIDIA Thor, 1 %, [N/A], [N/A], 52
2026/02/05 10:59:37.374, NVIDIA Thor, 2 %, [N/A], [N/A], 52
2026/02/05 10:59:38.376, NVIDIA Thor, 97 %, [N/A], [N/A], 53
2026/02/05 10:59:39.378, NVIDIA Thor, 3 %, [N/A], [N/A], 52
2026/02/05 10:59:40.380, NVIDIA Thor, 97 %, [N/A], [N/A], 53
2026/02/05 10:59:41.383, NVIDIA Thor, 3 %, [N/A], [N/A], 52
2026/02/05 10:59:42.388, NVIDIA Thor, 0 %, [N/A], [N/A], 52
2026/02/05 10:59:43.390, NVIDIA Thor, 0 %, [N/A], [N/A], 51
2026/02/05 10:59:44.391, NVIDIA Thor, 49 %, [N/A], [N/A], 52
2026/02/05 10:59:45.395, NVIDIA Thor, 98 %, [N/A], [N/A], 53
2026/02/05 10:59:46.401, NVIDIA Thor, 20 %, [N/A], [N/A], 53
2026/02/05 10:59:47.403, NVIDIA Thor, 0 %, [N/A], [N/A], 52
2026/02/05 10:59:48.405, NVIDIA Thor, 1 %, [N/A], [N/A], 52
2026/02/05 10:59:49.407, NVIDIA Thor, 1 %, [N/A], [N/A], 52
2026/02/05 10:59:50.408, NVIDIA Thor, 97 %, [N/A], [N/A], 53
2026/02/05 10:59:51.413, NVIDIA Thor, 98 %, [N/A], [N/A], 53
2026/02/05 10:59:52.418, NVIDIA Thor, 98 %, [N/A], [N/A], 53
2026/02/05 10:59:53.424, NVIDIA Thor, 98 %, [N/A], [N/A], 53
2026/02/05 10:59:54.426, NVIDIA Thor, 16 %, [N/A], [N/A], 53
2026/02/05 10:59:55.428, NVIDIA Thor, 6 %, [N/A], [N/A], 52
2026/02/05 10:59:56.429, NVIDIA Thor, 97 %, [N/A], [N/A], 53
2026/02/05 10:59:57.436, NVIDIA Thor, 97 %, [N/A], [N/A], 53
2026/02/05 10:59:58.438, NVIDIA Thor, 5 %, [N/A], [N/A], 51
2026/02/05 10:59:59.440, NVIDIA Thor, 12 %, [N/A], [N/A], 53
2026/02/05 11:00:00.441, NVIDIA Thor, 6 %, [N/A], [N/A], 52
2026/02/05 11:00:01.442, NVIDIA Thor, 89 %, [N/A], [N/A], 52
2026/02/05 11:00:02.445, NVIDIA Thor, 98 %, [N/A], [N/A], 53
2026/02/05 11:00:03.447, NVIDIA Thor, 3 %, [N/A], [N/A], 52
2026/02/05 11:00:04.449, NVIDIA Thor, 2 %, [N/A], [N/A], 52
2026/02/05 11:00:05.450, NVIDIA Thor, 94 %, [N/A], [N/A], 53
2026/02/05 11:00:06.454, NVIDIA Thor, 98 %, [N/A], [N/A], 53
2026/02/05 11:00:07.457, NVIDIA Thor, 4 %, [N/A], [N/A], 52
2026/02/05 11:00:08.459, NVIDIA Thor, 83 %, [N/A], [N/A], 52
2026/02/05 11:00:09.462, NVIDIA Thor, 98 %, [N/A], [N/A], 53
2026/02/05 11:00:10.464, NVIDIA Thor, 1 %, [N/A], [N/A], 52
2026/02/05 11:00:11.466, NVIDIA Thor, 87 %, [N/A], [N/A], 52
2026/02/05 11:00:12.470, NVIDIA Thor, 2 %, [N/A], [N/A], 51
2026/02/05 11:00:13.472, NVIDIA Thor, 98 %, [N/A], [N/A], 53
2026/02/05 11:00:14.474, NVIDIA Thor, 3 %, [N/A], [N/A], 52
2026/02/05 11:00:15.475, NVIDIA Thor, 2 %, [N/A], [N/A], 51
2026/02/05 11:00:16.477, NVIDIA Thor, 93 %, [N/A], [N/A], 52
2026/02/05 11:00:17.484, NVIDIA Thor, 98 %, [N/A], [N/A], 53
2026/02/05 11:00:18.487, NVIDIA Thor, 98 %, [N/A], [N/A], 53
2026/02/05 11:00:19.490, NVIDIA Thor, 4 %, [N/A], [N/A], 52
2026/02/05 11:00:20.492, NVIDIA Thor, 3 %, [N/A], [N/A], 52
2026/02/05 11:00:21.494, NVIDIA Thor, 0 %, [N/A], [N/A], 51
2026/02/05 11:00:22.496, NVIDIA Thor, 98 %, [N/A], [N/A], 53
2026/02/05 11:00:23.499, NVIDIA Thor, 97 %, [N/A], [N/A], 53
2026/02/05 11:00:24.502, NVIDIA Thor, 0 %, [N/A], [N/A], 52
2026/02/05 11:00:25.505, NVIDIA Thor, 0 %, [N/A], [N/A], 52
2026/02/05 11:00:26.506, NVIDIA Thor, 98 %, [N/A], [N/A], 53
2026/02/05 11:00:27.509, NVIDIA Thor, 6 %, [N/A], [N/A], 51
2026/02/05 11:00:28.510, NVIDIA Thor, 1 %, [N/A], [N/A], 51
2026/02/05 11:00:29.511, NVIDIA Thor, 97 %, [N/A], [N/A], 53
2026/02/05 11:00:30.515, NVIDIA Thor, 1 %, [N/A], [N/A], 52
2026/02/05 11:00:31.517, NVIDIA Thor, 1 %, [N/A], [N/A], 51
2026/02/05 11:00:32.520, NVIDIA Thor, 5 %, [N/A], [N/A], 52
2026/02/05 11:00:33.521, NVIDIA Thor, 1 %, [N/A], [N/A], 52
2026/02/05 11:00:34.523, NVIDIA Thor, 96 %, [N/A], [N/A], 52
2026/02/05 11:00:35.526, NVIDIA Thor, 98 %, [N/A], [N/A], 53
2026/02/05 11:00:36.529, NVIDIA Thor, 0 %, [N/A], [N/A], 52
2026/02/05 11:00:37.531, NVIDIA Thor, 0 %, [N/A], [N/A], 51
2026/02/05 11:00:38.532, NVIDIA Thor, 98 %, [N/A], [N/A], 53
2026/02/05 11:00:39.535, NVIDIA Thor, 2 %, [N/A], [N/A], 52
2026/02/05 11:00:40.538, NVIDIA Thor, 98 %, [N/A], [N/A], 53
2026/02/05 11:00:41.544, NVIDIA Thor, 2 %, [N/A], [N/A], 52
2026/02/05 11:00:42.546, NVIDIA Thor, 2 %, [N/A], [N/A], 51
2026/02/05 11:00:43.548, NVIDIA Thor, 93 %, [N/A], [N/A], 52
2026/02/05 11:00:44.551, NVIDIA Thor, 6 %, [N/A], [N/A], 52
2026/02/05 11:00:45.552, NVIDIA Thor, 8 %, [N/A], [N/A], 51
2026/02/05 11:00:46.554, NVIDIA Thor, 0 %, [N/A], [N/A], 51
2026/02/05 11:00:47.555, NVIDIA Thor, 97 %, [N/A], [N/A], 53
2026/02/05 11:00:48.559, NVIDIA Thor, 46 %, [N/A], [N/A], 53
2026/02/05 11:00:49.560, NVIDIA Thor, 10 %, [N/A], [N/A], 52
2026/02/05 11:00:50.562, NVIDIA Thor, 72 %, [N/A], [N/A], 52
2026/02/05 11:00:51.566, NVIDIA Thor, 97 %, [N/A], [N/A], 53
2026/02/05 11:00:52.570, NVIDIA Thor, 1 %, [N/A], [N/A], 52
2026/02/05 11:00:53.571, NVIDIA Thor, 2 %, [N/A], [N/A], 51
2026/02/05 11:00:54.573, NVIDIA Thor, 97 %, [N/A], [N/A], 53
2026/02/05 11:00:55.577, NVIDIA Thor, 6 %, [N/A], [N/A], 52
2026/02/05 11:00:56.579, NVIDIA Thor, 15 %, [N/A], [N/A], 51
2026/02/05 11:00:57.585, NVIDIA Thor, 71 %, [N/A], [N/A], 52
2026/02/05 11:00:58.587, NVIDIA Thor, 53 %, [N/A], [N/A], 53
2026/02/05 11:00:59.589, NVIDIA Thor, 7 %, [N/A], [N/A], 51
2026/02/05 11:01:00.591, NVIDIA Thor, 2 %, [N/A], [N/A], 51
2026/02/05 11:01:01.593, NVIDIA Thor, 63 %, [N/A], [N/A], 52
2026/02/05 11:01:02.597, NVIDIA Thor, 98 %, [N/A], [N/A], 53
2026/02/05 11:01:03.599, NVIDIA Thor, 0 %, [N/A], [N/A], 51
2026/02/05 11:01:04.602, NVIDIA Thor, 98 %, [N/A], [N/A], 53
2026/02/05 11:01:05.605, NVIDIA Thor, 98 %, [N/A], [N/A], 53
2026/02/05 11:01:06.607, NVIDIA Thor, 2 %, [N/A], [N/A], 52
2026/02/05 11:01:07.610, NVIDIA Thor, 4 %, [N/A], [N/A], 52
2026/02/05 11:01:08.612, NVIDIA Thor, 97 %, [N/A], [N/A], 53
2026/02/05 11:01:09.617, NVIDIA Thor, 98 %, [N/A], [N/A], 53
2026/02/05 11:01:10.619, NVIDIA Thor, 5 %, [N/A], [N/A], 52
2026/02/05 11:01:11.621, NVIDIA Thor, 27 %, [N/A], [N/A], 51
2026/02/05 11:01:12.623, NVIDIA Thor, 7 %, [N/A], [N/A], 51
2026/02/05 11:01:13.624, NVIDIA Thor, 1 %, [N/A], [N/A], 51
2026/02/05 11:01:14.626, NVIDIA Thor, 77 %, [N/A], [N/A], 52
2026/02/05 11:01:15.630, NVIDIA Thor, 98 %, [N/A], [N/A], 53
2026/02/05 11:01:16.632, NVIDIA Thor, 1 %, [N/A], [N/A], 52
2026/02/05 11:01:17.634, NVIDIA Thor, 1 %, [N/A], [N/A], 51
2026/02/05 11:01:18.637, NVIDIA Thor, 80 %, [N/A], [N/A], 52
2026/02/05 11:01:19.642, NVIDIA Thor, 98 %, [N/A], [N/A], 53
2026/02/05 11:01:20.644, NVIDIA Thor, 1 %, [N/A], [N/A], 52
2026/02/05 11:01:21.646, NVIDIA Thor, 32 %, [N/A], [N/A], 52
2026/02/05 11:01:22.651, NVIDIA Thor, 98 %, [N/A], [N/A], 53
2026/02/05 11:01:23.655, NVIDIA Thor, 1 %, [N/A], [N/A], 52
2026/02/05 11:01:24.657, NVIDIA Thor, 97 %, [N/A], [N/A], 53
2026/02/05 11:01:25.663, NVIDIA Thor, 4 %, [N/A], [N/A], 52
2026/02/05 11:01:26.665, NVIDIA Thor, 35 %, [N/A], [N/A], 51
2026/02/05 11:01:27.667, NVIDIA Thor, 70 %, [N/A], [N/A], 52
2026/02/05 11:01:28.669, NVIDIA Thor, 9 %, [N/A], [N/A], 52
2026/02/05 11:01:29.680, NVIDIA Thor, 96 %, [N/A], [N/A], 52
2026/02/05 11:01:30.688, NVIDIA Thor, 12 %, [N/A], [N/A], 52
2026/02/05 11:01:31.690, NVIDIA Thor, 97 %, [N/A], [N/A], 53
2026/02/05 11:01:32.694, NVIDIA Thor, 5 %, [N/A], [N/A], 52
2026/02/05 11:01:33.696, NVIDIA Thor, 92 %, [N/A], [N/A], 52
2026/02/05 11:01:34.698, NVIDIA Thor, 97 %, [N/A], [N/A], 53
2026/02/05 11:01:35.702, NVIDIA Thor, 2 %, [N/A], [N/A], 51
2026/02/05 11:01:36.703, NVIDIA Thor, 0 %, [N/A], [N/A], 51
2026/02/05 11:01:37.705, NVIDIA Thor, 97 %, [N/A], [N/A], 53
2026/02/05 11:01:38.709, NVIDIA Thor, 97 %, [N/A], [N/A], 53
2026/02/05 11:01:39.711, NVIDIA Thor, 7 %, [N/A], [N/A], 52
2026/02/05 11:01:40.713, NVIDIA Thor, 25 %, [N/A], [N/A], 51
2026/02/05 11:01:41.715, NVIDIA Thor, 4 %, [N/A], [N/A], 52
2026/02/05 11:01:42.718, NVIDIA Thor, 98 %, [N/A], [N/A], 53
2026/02/05 11:01:43.723, NVIDIA Thor, 8 %, [N/A], [N/A], 52
2026/02/05 11:01:44.726, NVIDIA Thor, 94 %, [N/A], [N/A], 52
2026/02/05 11:01:45.730, NVIDIA Thor, 97 %, [N/A], [N/A], 53
2026/02/05 11:01:46.731, NVIDIA Thor, 3 %, [N/A], [N/A], 51
2026/02/05 11:01:47.733, NVIDIA Thor, 97 %, [N/A], [N/A], 53
2026/02/05 11:01:48.737, NVIDIA Thor, 98 %, [N/A], [N/A], 53
2026/02/05 11:01:49.739, NVIDIA Thor, 4 %, [N/A], [N/A], 52
2026/02/05 11:01:50.741, NVIDIA Thor, 7 %, [N/A], [N/A], 52
2026/02/05 11:01:51.742, NVIDIA Thor, 6 %, [N/A], [N/A], 52
2026/02/05 11:01:52.745, NVIDIA Thor, 74 %, [N/A], [N/A], 52
2026/02/05 11:01:53.747, NVIDIA Thor, 97 %, [N/A], [N/A], 53
2026/02/05 11:01:54.750, NVIDIA Thor, 2 %, [N/A], [N/A], 51
2026/02/05 11:01:55.751, NVIDIA Thor, 2 %, [N/A], [N/A], 51
2026/02/05 11:01:56.752, NVIDIA Thor, 98 %, [N/A], [N/A], 53
2026/02/05 11:01:57.758, NVIDIA Thor, 3 %, [N/A], [N/A], 51
2026/02/05 11:01:58.761, NVIDIA Thor, 1 %, [N/A], [N/A], 51
2026/02/05 11:01:59.763, NVIDIA Thor, 97 %, [N/A], [N/A], 53
2026/02/05 11:02:00.770, NVIDIA Thor, 98 %, [N/A], [N/A], 53
2026/02/05 11:02:01.773, NVIDIA Thor, 0 %, [N/A], [N/A], 51
2026/02/05 11:02:02.776, NVIDIA Thor, 2 %, [N/A], [N/A], 51
2026/02/05 11:02:03.777, NVIDIA Thor, 11 %, [N/A], [N/A], 51
2026/02/05 11:02:04.779, NVIDIA Thor, 3 %, [N/A], [N/A], 51
2026/02/05 11:02:05.780, NVIDIA Thor, 0 %, [N/A], [N/A], 51
2026/02/05 11:02:06.782, NVIDIA Thor, 98 %, [N/A], [N/A], 53
2026/02/05 11:02:07.789, NVIDIA Thor, 2 %, [N/A], [N/A], 52
2026/02/05 11:02:08.790, NVIDIA Thor, 0 %, [N/A], [N/A], 51
2026/02/05 11:02:09.791, NVIDIA Thor, 98 %, [N/A], [N/A], 53
2026/02/05 11:02:10.793, NVIDIA Thor, 4 %, [N/A], [N/A], 51
2026/02/05 11:02:11.794, NVIDIA Thor, 1 %, [N/A], [N/A], 52
2026/02/05 11:02:12.796, NVIDIA Thor, 98 %, [N/A], [N/A], 53
2026/02/05 11:02:13.800, NVIDIA Thor, 97 %, [N/A], [N/A], 53
2026/02/05 11:02:14.802, NVIDIA Thor, 98 %, [N/A], [N/A], 53
2026/02/05 11:02:15.807, NVIDIA Thor, 4 %, [N/A], [N/A], 51
2026/02/05 11:02:16.809, NVIDIA Thor, 97 %, [N/A], [N/A], 53
2026/02/05 11:02:17.815, NVIDIA Thor, 67 %, [N/A], [N/A], 53
2026/02/05 11:02:18.817, NVIDIA Thor, 2 %, [N/A], [N/A], 51
2026/02/05 11:02:19.819, NVIDIA Thor, 1 %, [N/A], [N/A], 51
2026/02/05 11:02:20.821, NVIDIA Thor, 71 %, [N/A], [N/A], 52
2026/02/05 11:02:21.827, NVIDIA Thor, 97 %, [N/A], [N/A], 53
2026/02/05 11:02:22.829, NVIDIA Thor, 98 %, [N/A], [N/A], 53
2026/02/05 11:02:23.834, NVIDIA Thor, 98 %, [N/A], [N/A], 53
2026/02/05 11:02:24.838, NVIDIA Thor, 98 %, [N/A], [N/A], 53
2026/02/05 11:02:25.841, NVIDIA Thor, 4 %, [N/A], [N/A], 51
2026/02/05 11:02:26.843, NVIDIA Thor, 3 %, [N/A], [N/A], 52
2026/02/05 11:02:27.844, NVIDIA Thor, 85 %, [N/A], [N/A], 52
2026/02/05 11:02:28.847, NVIDIA Thor, 0 %, [N/A], [N/A], 51
2026/02/05 11:02:29.849, NVIDIA Thor, 0 %, [N/A], [N/A], 51
2026/02/05 11:02:30.851, NVIDIA Thor, 97 %, [N/A], [N/A], 53
2026/02/05 11:02:31.855, NVIDIA Thor, 8 %, [N/A], [N/A], 52
2026/02/05 11:02:32.856, NVIDIA Thor, 67 %, [N/A], [N/A], 52
2026/02/05 11:02:33.861, NVIDIA Thor, 98 %, [N/A], [N/A], 53
2026/02/05 11:02:34.863, NVIDIA Thor, 0 %, [N/A], [N/A], 51
2026/02/05 11:02:35.864, NVIDIA Thor, 0 %, [N/A], [N/A], 51
2026/02/05 11:02:36.866, NVIDIA Thor, 0 %, [N/A], [N/A], 51
2026/02/05 11:02:37.867, NVIDIA Thor, 98 %, [N/A], [N/A], 53
2026/02/05 11:02:38.870, NVIDIA Thor, 90 %, [N/A], [N/A], 52
2026/02/05 11:02:39.872, NVIDIA Thor, 4 %, [N/A], [N/A], 51
2026/02/05 11:02:40.874, NVIDIA Thor, 22 %, [N/A], [N/A], 51
2026/02/05 11:02:41.875, NVIDIA Thor, 11 %, [N/A], [N/A], 51
2026/02/05 11:02:42.877, NVIDIA Thor, 1 %, [N/A], [N/A], 51
2026/02/05 11:02:43.879, NVIDIA Thor, 97 %, [N/A], [N/A], 52
2026/02/05 11:02:44.886, NVIDIA Thor, 98 %, [N/A], [N/A], 52
2026/02/05 11:02:45.888, NVIDIA Thor, 3 %, [N/A], [N/A], 51
2026/02/05 11:02:46.889, NVIDIA Thor, 5 %, [N/A], [N/A], 51
2026/02/05 11:02:47.891, NVIDIA Thor, 6 %, [N/A], [N/A], 51
2026/02/05 11:02:48.892, NVIDIA Thor, 78 %, [N/A], [N/A], 52
2026/02/05 11:02:49.895, NVIDIA Thor, 98 %, [N/A], [N/A], 53
2026/02/05 11:02:50.897, NVIDIA Thor, 11 %, [N/A], [N/A], 51
2026/02/05 11:02:51.899, NVIDIA Thor, 98 %, [N/A], [N/A], 53
2026/02/05 11:02:52.902, NVIDIA Thor, 3 %, [N/A], [N/A], 51
2026/02/05 11:02:53.903, NVIDIA Thor, 98 %, [N/A], [N/A], 53
2026/02/05 11:02:54.907, NVIDIA Thor, 9 %, [N/A], [N/A], 51
2026/02/05 11:02:55.908, NVIDIA Thor, 29 %, [N/A], [N/A], 51
2026/02/05 11:02:56.910, NVIDIA Thor, 91 %, [N/A], [N/A], 52
2026/02/05 11:02:57.913, NVIDIA Thor, 13 %, [N/A], [N/A], 52
2026/02/05 11:02:58.915, NVIDIA Thor, 0 %, [N/A], [N/A], 51
2026/02/05 11:02:59.916, NVIDIA Thor, 98 %, [N/A], [N/A], 53
2026/02/05 11:03:00.918, NVIDIA Thor, 71 %, [N/A], [N/A], 52
2026/02/05 11:03:01.921, NVIDIA Thor, 97 %, [N/A], [N/A], 53
2026/02/05 11:03:02.923, NVIDIA Thor, 0 %, [N/A], [N/A], 51
2026/02/05 11:03:03.925, NVIDIA Thor, 98 %, [N/A], [N/A], 53
2026/02/05 11:03:04.926, NVIDIA Thor, 2 %, [N/A], [N/A], 51
2026/02/05 11:03:05.928, NVIDIA Thor, 98 %, [N/A], [N/A], 53
2026/02/05 11:03:06.930, NVIDIA Thor, 1 %, [N/A], [N/A], 51
2026/02/05 11:03:07.931, NVIDIA Thor, 97 %, [N/A], [N/A], 53
2026/02/05 11:03:08.934, NVIDIA Thor, 6 %, [N/A], [N/A], 51
2026/02/05 11:03:09.936, NVIDIA Thor, 3 %, [N/A], [N/A], 51
2026/02/05 11:03:10.937, NVIDIA Thor, 97 %, [N/A], [N/A], 53
2026/02/05 11:03:11.939, NVIDIA Thor, 8 %, [N/A], [N/A], 52
2026/02/05 11:03:12.941, NVIDIA Thor, 0 %, [N/A], [N/A], 51
2026/02/05 11:03:13.943, NVIDIA Thor, 96 %, [N/A], [N/A], 52
2026/02/05 11:03:14.945, NVIDIA Thor, 97 %, [N/A], [N/A], 53
2026/02/05 11:03:15.947, NVIDIA Thor, 98 %, [N/A], [N/A], 52
2026/02/05 11:03:16.950, NVIDIA Thor, 49 %, [N/A], [N/A], 52
2026/02/05 11:03:17.951, NVIDIA Thor, 1 %, [N/A], [N/A], 51
2026/02/05 11:03:18.953, NVIDIA Thor, 97 %, [N/A], [N/A], 53
2026/02/05 11:03:19.956, NVIDIA Thor, 60 %, [N/A], [N/A], 52
2026/02/05 11:03:20.958, NVIDIA Thor, 3 %, [N/A], [N/A], 51
2026/02/05 11:03:21.959, NVIDIA Thor, 97 %, [N/A], [N/A], 52
2026/02/05 11:03:22.963, NVIDIA Thor, 36 %, [N/A], [N/A], 52
2026/02/05 11:03:23.965, NVIDIA Thor, 17 %, [N/A], [N/A], 51
2026/02/05 11:03:24.966, NVIDIA Thor, 33 %, [N/A], [N/A], 51
2026/02/05 11:03:25.967, NVIDIA Thor, 85 %, [N/A], [N/A], 52
2026/02/05 11:03:26.969, NVIDIA Thor, 2 %, [N/A], [N/A], 51
2026/02/05 11:03:27.970, NVIDIA Thor, 49 %, [N/A], [N/A], 51
2026/02/05 11:03:28.976, NVIDIA Thor, 98 %, [N/A], [N/A], 53
2026/02/05 11:03:29.978, NVIDIA Thor, 8 %, [N/A], [N/A], 51
2026/02/05 11:03:30.979, NVIDIA Thor, 98 %, [N/A], [N/A], 52
2026/02/05 11:03:31.982, NVIDIA Thor, 2 %, [N/A], [N/A], 51
2026/02/05 11:03:32.983, NVIDIA Thor, 89 %, [N/A], [N/A], 52
2026/02/05 11:03:33.986, NVIDIA Thor, 65 %, [N/A], [N/A], 52
2026/02/05 11:03:34.987, NVIDIA Thor, 0 %, [N/A], [N/A], 51
2026/02/05 11:03:35.988, NVIDIA Thor, 98 %, [N/A], [N/A], 53
2026/02/05 11:03:36.991, NVIDIA Thor, 0 %, [N/A], [N/A], 51
2026/02/05 11:03:37.992, NVIDIA Thor, 98 %, [N/A], [N/A], 53
2026/02/05 11:03:38.997, NVIDIA Thor, 26 %, [N/A], [N/A], 51
2026/02/05 11:03:39.999, NVIDIA Thor, 13 %, [N/A], [N/A], 52
2026/02/05 11:03:41.000, NVIDIA Thor, 1 %, [N/A], [N/A], 51
2026/02/05 11:03:42.002, NVIDIA Thor, 97 %, [N/A], [N/A], 53
2026/02/05 11:03:43.008, NVIDIA Thor, 98 %, [N/A], [N/A], 52
2026/02/05 11:03:44.011, NVIDIA Thor, 8 %, [N/A], [N/A], 51
2026/02/05 11:03:45.013, NVIDIA Thor, 97 %, [N/A], [N/A], 52
2026/02/05 11:03:46.020, NVIDIA Thor, 21 %, [N/A], [N/A], 52
2026/02/05 11:03:47.022, NVIDIA Thor, 86 %, [N/A], [N/A], 52
2026/02/05 11:03:48.025, NVIDIA Thor, 3 %, [N/A], [N/A], 52
2026/02/05 11:03:49.027, NVIDIA Thor, 97 %, [N/A], [N/A], 53
2026/02/05 11:03:50.033, NVIDIA Thor, 23 %, [N/A], [N/A], 52
2026/02/05 11:03:51.035, NVIDIA Thor, 0 %, [N/A], [N/A], 51
2026/02/05 11:03:52.037, NVIDIA Thor, 97 %, [N/A], [N/A], 53
2026/02/05 11:03:53.039, NVIDIA Thor, 6 %, [N/A], [N/A], 51
2026/02/05 11:03:54.041, NVIDIA Thor, 5 %, [N/A], [N/A], 51
2026/02/05 11:03:55.043, NVIDIA Thor, 94 %, [N/A], [N/A], 52
2026/02/05 11:03:56.048, NVIDIA Thor, 98 %, [N/A], [N/A], 53
2026/02/05 11:03:57.053, NVIDIA Thor, 12 %, [N/A], [N/A], 52
2026/02/05 11:03:58.055, NVIDIA Thor, 0 %, [N/A], [N/A], 51
2026/02/05 11:03:59.058, NVIDIA Thor, 97 %, [N/A], [N/A], 53
2026/02/05 11:04:00.060, NVIDIA Thor, 1 %, [N/A], [N/A], 51
2026/02/05 11:04:01.062, NVIDIA Thor, 98 %, [N/A], [N/A], 53
